{"cameraMode":{"drawMode":0,"name":"Shaded","section":"Shading Mode"},"sceneLighting":true,"audioPlay":false,"sceneViewState":{"showFog":true,"showMaterialUpdate":false,"showSkybox":true,"showFlares":true,"showImageEffects":true,"showParticleSystems":true},"in2DMode":false,"pivot":{"x":-0.5587329864501953,"y":0.9356174468994141,"z":-0.0025076866149902345},"rotation":{"x":-0.07149887830018997,"y":0.9010413289070129,"z":-0.16285422444343568,"w":-0.3955897390842438},"size":10.0,"orthographic":false}